{
  "jews": [
    "jews",
    "oven dodger",
    "nazi",
    "dirty jew",
    "holocaust",
    "kikesucker",
    "hook nose",
    "kike"
  ],
  "homosexual": [
    "faggots usually",
    "fucking queer",
    "the biggest faggot",
    "dyke",
    "you fucking faggot",
    "hate faggots",
    "queer",
    "homosexual",
    "the faggots",
    "faggot",
    "faggots usually have",
    "gay",
    "faggots",
    "dykey",
    "ugly dyke",
    "faggots like you",
    "you a fag",
    "lesbian",
    "homo",
    "is a faggot",
    "like a faggot",
    "dykes",
    "faggots like",
    "faggot if you ever"
  ],
  "women": [
    "ugly dyke",
    "woman terrorist",
    "nigress",
    "bitch",
    "slut",
    "women",
    "sheeboon",
    "negress",
    "mud shark",
    "women threat",
    "you a lame bitch",
    "your a cunt",
    "white bitch",
    "niggeress",
    "hoe",
    "dykes",
    "niggress",
    "sheboon",
    "feminazi"
  ],
  "blacks": [
    "pavement ape",
    "the niggers",
    "negress",
    "porch monkey",
    "that nigger",
    "this nigger",
    "sheboon",
    "all niggers",
    "eurafrica",
    "shut up nigger",
    "picaninny",
    "african attack",
    "spearchucker",
    "how many niggers",
    "nigger",
    "africa",
    "niggers are in my",
    "dindu nuffin",
    "stupid nigger",
    "moolie",
    "niggers",
    "bluegum",
    "nigger ass",
    "you niggers",
    "fucking nigger",
    "nigger music",
    "niggress",
    "you a nigger",
    "many niggers are",
    "nigress",
    "blacks",
    "teenaper",
    "sheeboon",
    "dumb nigger",
    "niggeress",
    "pickaninny",
    "nigga"
  ],
  "muslim": [
    "muslim immigrant",
    "islam",
    "mudslime",
    "mooslem",
    "muslim refugee",
    "musslime",
    "shitlam",
    "muslim invasion",
    "moslime",
    "mooslamic",
    "muzzie",
    "allah akbar",
    "mooslime",
    "musloid",
    "mudslimes",
    "muslim",
    "muslimes",
    "moslum",
    "mussie",
    "muzrat",
    "muslim countries",
    "muzzy",
    "moslim",
    "jihadi",
    "muslim country",
    "moslem",
    "muzzrat",
    "mooslim"
  ],
  "arabs": [
    "towel head",
    "goatfucker",
    "arabs",
    "goathumper",
    "raghead",
    "rag head",
    "goathumping",
    "towelhead",
    "camel jockey",
    "sandnigger",
    "camel fucker",
    "sand nigger"
  ],
  "generic": [
    "to rape",
    "raped and",
    "shithole country",
    "get raped",
    "raped",
    "is a fucking",
    "shit skin",
    "raped by",
    "hate you",
    "fake empowerment",
    "abusive women",
    "fuck you too",
    "violence",
    "wit a lame nigga",
    "they all look",
    "alllivesmatter",
    "shithole countries",
    "fucking hate",
    "trailer trash",
    "kill all",
    "terrorist threat",
    "harassment",
    "kill yourself",
    "shitskin",
    "okay to be white",
    "fucking hate you"
  ],
  "white": [
    "full of white",
    "white trash",
    "white devil",
    "white",
    "are all white",
    "white boy",
    "white ass",
    "white bitch",
    "hillbilly",
    "whigger",
    "white christian",
    "white person",
    "all white",
    "white nigger",
    "redneck",
    "white honky",
    "wigger",
    "them white"
  ],
  "economy": [
    "ghetto"
  ],
  "immigrant": [
    "illegal immigrants",
    "immigrant not welcome",
    "immigrant terror",
    "mexcrement",
    "go back to where you come from",
    "muslim refugee",
    "illegal aliens",
    "refugee",
    "protect from immigrants",
    "negro",
    "refugees",
    "immigrant",
    "refugee invasion",
    "go back to where they come from",
    "refugees impact",
    "bring ebola",
    "immigrants",
    "illegal alien",
    "immigrant invasion",
    "bring disease"
  ],
  "mental": [
    "retard",
    "mongoloid",
    "retarded"
  ],
  "asians": [
    "asians",
    "ching chong",
    "chinaman"
  ]
}